mean_fit_time,std_fit_time,mean_score_time,std_score_time,param_criterion,param_max_depth,param_min_samples_leaf,params,split0_test_score,split1_test_score,split2_test_score,mean_test_score,std_test_score,rank_test_score
0.004569451014200847,0.0017465621621703595,0.005196889241536458,0.001393328420851018,entropy,5,5,"{'criterion': 'entropy', 'max_depth': 5, 'min_samples_leaf': 5}",0.9731445229761876,0.9838615355593284,0.9945594322885867,0.9838551636080343,0.008742601278257777,1
0.005195776621500651,0.0021949887096971176,0.008571147918701172,0.003916254615061242,entropy,10,10,"{'criterion': 'entropy', 'max_depth': 10, 'min_samples_leaf': 10}",0.9731445229761876,0.9838615355593284,0.9945594322885867,0.9838551636080343,0.008742601278257777,1
0.0034290154774983725,0.0019875943874027805,0.0042154788970947266,0.001447247044108027,entropy,15,15,"{'criterion': 'entropy', 'max_depth': 15, 'min_samples_leaf': 15}",0.9731445229761876,0.9838615355593284,0.9945594322885867,0.9838551636080343,0.008742601278257777,1
