mean_fit_time,std_fit_time,mean_score_time,std_score_time,param_criterion,param_max_depth,param_min_samples_leaf,params,split0_test_score,split1_test_score,split2_test_score,mean_test_score,std_test_score,rank_test_score
0.0023370583852132163,0.0004684776579358651,0.002331813176472982,0.0004740619299276031,entropy,5,5,"{'criterion': 'entropy', 'max_depth': 5, 'min_samples_leaf': 5}",0.9731674098397358,0.9894573914722601,0.9783585458753807,0.9803277823957922,0.006794571105031143,1
0.0026679039001464844,0.00047356424049576517,0.003044287363688151,0.00031413668232345426,entropy,10,10,"{'criterion': 'entropy', 'max_depth': 10, 'min_samples_leaf': 10}",0.9731674098397358,0.9894573914722601,0.9783585458753807,0.9803277823957922,0.006794571105031143,1
0.007191578547159831,0.007333777790830756,0.0032852490743001304,0.0011840560418375928,entropy,15,15,"{'criterion': 'entropy', 'max_depth': 15, 'min_samples_leaf': 15}",0.9731674098397358,0.9894573914722601,0.9783585458753807,0.9803277823957922,0.006794571105031143,1
